Workbook

Sheet 사용안내
A1: GESMS V10.0 전도·영혼구원 표준자료 입력 양식
A4: 구분 | B4: 작성 시트 | C4: 핵심 목적 | D4: 반드시 입력 | E4: 선택 입력 | F4: 앱에서 활용 | G4: 작성 주기 | H4: 주의사항
A5: 전도현황 | B5: 전도현황 | C5: 기도대상자와 프로젝트 자료를 자동 집계 | D5: 직접 입력 없음 | E5: - | F5: 단계별 인원, 목표 달성률, 담당자별 현황 | G5: 자동 | H5: 이 시트의 수치는 다른 시트에서 자동 계산됩니다.
A6: 기도대상자관리 | B6: 기도대상자관리 | C6: 한 영혼의 기도·관계·초청·정착 과정을 관리 | D6: 관리번호, 이름, 담당자, 진행상태, 기도제목 | E6: 연락처, 관계, 최근만남일, 다음연락일 | F6: 전도현황, 연락대상, 단계별 통계 | G6: 변경 시 | H6: 개인정보는 꼭 필요한 범위만 입력하세요.
A7: 일만상상 프로젝트 | B7: 일만상상프로젝트 | C7: 복음전도와 마을돌봄 사역을 사업 단위로 관리 | D7: 프로젝트번호, 사업명, 분야, 상태, 담당부서 | E7: 예산, 참여인원, 성과, 결과 | F7: 진행률, 분야별 현황, 성과 집계 | G7: 월 1회 이상 | H7: 실적은 실제 활동 기준으로 기록하세요.
A9: 작성 원칙
A10: 1 | B10: 기도대상자는 한 사람당 한 행으로 작성합니다.
A11: 2 | B11: 진행상태는 가장 최근 단계 하나만 선택합니다.
A12: 3 | B12: 다음연락일은 실제 연락 계획이 있을 때 입력합니다.
A13: 4 | B13: 일만상상 프로젝트는 한 사업·행사당 한 행으로 작성합니다.
A14: 5 | B14: 예시 자료는 삭제하고 실제 자료로 교체한 뒤 GitHub에 업로드합니다.

Sheet 기도대상자관리
A1: 기도대상자관리 표준양식
A3: ※ 한 사람당 한 행 작성 · 노란색 열은 필수 · 날짜는 YYYY-MM-DD 형식
A4: 관리번호 | B4: 이름 | C4: 성별 | D4: 연락처 | E4: 관계구분 | F4: 관계상세 | G4: 인도자 | H4: 소속부서/소그룹 | I4: 기도제목구분 | J4: 기도제목상세 | K4: 기도시작일 | L4: 진행상태 | M4: 기도중 | N4: 관계형성 | O4: 첫만남 | P4: 초청 | Q4: 교회방문 | R4: 새가족 | S4: 등록교인 | T4: 군우편입 | U4: 최근만남일 | V4: 다음연락일 | W4: 교회방문일 | X4: 새가족등록일 | Y4: 등록교인일 | Z4: 군우편입일 | AA4: 기도응답일 | AB4: 공개범위 | AC4: 비고 | AD4: 사용여부
A5: P-0001 | B5: 윤정호 | C5: 남 | H5: 기타 | I5: 구원 | K5: 45689 | L5: 기도중
A6: P-0002 | B6: 변순덕 | C6: 여 | E6: 이웃 | F6: 고향 친구 | G6: 김문희 | H6: 기타 | I6: 구원 | J6: 예수님 믿고 구원 받기를 | K6: 45809 | L6: 기도중
A7: P-0003 | B7: 이정아 | C7: 여 | H7: 기타 | I7: 구원 | K7: 45689 | L7: 기도중
A8: P-0004 | B8: 김해선 | C8: 여 | E8: 친구 | F8: 친구 | G8: 박미연 | H8: 기타 | I8: 구원 | J8: 아들 박지우 건강과 교회 참석을 위해 | K8: 43831 | L8: 기도중 | S8: Y
A9: P-0005 | B9: 방선근 | C9: 남 | H9: 기타 | I9: 구원 | K9: 45689 | L9: 기도중
A10: P-0006 | B10: 한명희 | C10: 여 | H10: 기타 | I10: 구원 | K10: 45689 | L10: 기도중
A11: P-0007 | B11: 이세진 | C11: 남 | H11: 기타 | I11: 구원 | K11: 45689 | L11: 기도중
A12: P-0008 | B12: 최향옥 | C12: 여 | E12: 가족 | F12: 큰 누나 | G12: 최재용 | H12: 기타 | I12: 구원 | J12: 누나의 건강(암)이 회복되기를 | K12: 42860 | L12: 기도중
A13: P-0009 | B13: 최주현 | C13: 여 | H13: 기타 | I13: 구원 | K13: 45689 | L13: 기도중
A14: P-0010 | B14: 장윤주 | C14: 여 | E14: 직장 | F14: 직장 동료 | G14: 박미옥 | H14: 기타 | I14: 구원 | K14: 45689 | L14: 기도중
A15: P-0011 | B15: 김인일 | C15: 남 | H15: 기타 | I15: 구원 | K15: 45689 | L15: 기도중
A16: P-0012 | B16: 정의룡 | C16: 남 | H16: 기타 | I16: 구원 | K16: 45689 | L16: 기도중
A17: P-0013 | B17: 하희정 | C17: 여 | H17: 기타 | I17: 구원 | K17: 45689 | L17: 기도중
A18: P-0014 | B18: 박형렬 | C18: 남 | E18: 직장 | F18: 업무를 통한 관계형성 | G18: 최재용 | H18: 기타 | I18: 기타 | J18: 사업 시작을 하는데 어려움이 없도록 | K18: 44228 | L18: 기도중
A19: P-0015 | B19: 송선례 | C19: 여 | H19: 기타 | I19: 구원 | K19: 45689 | L19: 기도중
A20: P-0016 | B20: 이수경 | C20: 여 | H20: 기타 | I20: 구원 | K20: 45689 | L20: 기도중
A21: P-0017 | B21: 김계화 | C21: 여 | H21: 기타 | I21: 구원 | K21: 45689 | L21: 기도중
A22: P-0018 | B22: 정다혜 | C22: 여 | H22: 기타 | I22: 구원 | K22: 45689 | L22: 기도중
A23: P-0019 | B23: 민선이네 | C23: 여 | H23: 기타 | I23: 구원 | K23: 45689 | L23: 기도중
A24: P-0020 | B24: 박종훈 | C24: 남 | H24: 기타 | I24: 구원 | K24: 45689 | L24: 기도중
A25: P-0021 | B25: 전기숙 | C25: 여 | H25: 기타 | I25: 구원 | K25: 45689 | L25: 기도중
A26: P-0022 | B26: 정유진 | C26: 여 | H26: 기타 | I26: 구원 | K26: 45689 | L26: 기도중
A27: P-0023 | B27: 김충남 | C27: 남 | H27: 기타 | I27: 구원 | K27: 45689 | L27: 기도중
A28: P-0024 | B28: 김정화 | C28: 여 | H28: 기타 | I28: 구원 | K28: 45689 | L28: 기도중
A29: P-0025 | B29: 김옥금 | C29: 여 | H29: 기타 | I29: 구원 | K29: 45689 | L29: 기도중
A30: P-0026 | B30: 김란옥 | C30: 여 | G30: 박미옥 | H30: 사랑그룹 | I30: 구원 | K30: 46054 | L30: 등록교인 | M30: Y | N30: Y | O30: Y | P30: Y | Q30: Y | R30: Y | S30: Y | T30: Y | Y30: 46124
A31: P-0027 | B31: 왕용봉 | C31: 여 | G31: 박미옥 | H31: 사랑그룹 | I31: 구원 | K31: 46082 | L31: 등록교인 | M31: Y | N31: Y | O31: Y | P31: Y | Q31: Y | R31: Y | S31: Y | T31: Y | Y31: 46124
A32: P-0028 | B32: 성용 | C32: 남 | G32: 김종찬 | H32: 사랑그룹 | I32: 구원 | K32: 45992 | L32: 등록교인 | M32: Y | N32: Y | O32: Y | P32: Y | Q32: Y | R32: Y | S32: Y | T32: Y | Y32: 46201

Sheet 일만상상프로젝트
A1: 일만상상 프로젝트 표준양식
A3: ※ 한 사업·행사당 한 행 작성 · 노란색 열은 필수 · 진행률은 0~100%
A4: 프로젝트번호 | B4: 사업명 | C4: 분야 | D4: 사업목적 | E4: 대상지역/대상자 | F4: 담당부서 | G4: 담당자 | H4: 시작일 | I4: 종료일 | J4: 상태 | K4: 예산 | L4: 실제지출 | M4: 참여인원 | N4: 수혜인원 | O4: 진행률(%) | P4: 핵심활동 | Q4: 성과구분 | R4: 성과수량 | S4: 연계된 기도대상자 | T4: 결과/열매 | U4: 사진·자료링크 | V4: 비고
A5: M-2026-001 | B5: 라면 Day_10 | C5: 무료급식 | D5: 지역 초등생 무료 라면급식 | E5: 군포영문 인근 초등학생 | F5: 사회복지 | G5: 송옥섭 | H5: 46214 | I5: 46214 | J5: 완료 | K5: 0 | L5: 0 | M5: 4 | N5: 13 | O5: 0.33 | P5: 지역 초등생 무료 라면급식 | Q5: 봉사
A6: M-2026-002 | B6: 수원역 무료급식_5 | C6: 무료급식 | D6: 수원역 노숙인을 위한 봉사 | E6: 수원역 인근 노숙인 | F6: 사회복지 | G6: 송옥섭 | H6: 46217 | I6: 46217 | J6: 완료 | K6: 0 | L6: 0 | M6: 7 | N6: 200 | O6: 0.41 | P6: 수원역 노숙인을 위한 봉사 | Q6: 봉사
A7: M-2026-003 | B7: 라면 Day_11 | C7: 무료급식 | D7: 지역 초등생 무료 라면급식 | E7: 군포영문 인근 초등학생 | F7: 사회복지 | G7: 송옥섭 | H7: 46221 | I7: 46221 | J7: 완료 | K7: 0 | L7: 0 | M7: 4 | N7: 13 | O7: 0.36 | P7: 지역 초등생 무료 라면급식 | Q7: 봉사
A8: M-2026-004 | B8: 라면 Day_12 | C8: 무료급식 | D8: 지역 초등생 무료 라면급식 | E8: 군포영문 인근 초등학생 | F8: 사회복지 | G8: 송옥섭 | H8: 46228 | I8: 46228 | J8: 완료 | K8: 0 | L8: 0 | M8: 4 | N8: 13 | O8: 0.4 | P8: 지역 초등생 무료 라면급식 | Q8: 봉사
A9: M-2026-005 | B9: 생수나눔 봉사_6 | C9: 생수나눔 | D9: 수원역 노숙인을 위한 봉사 | E9: 수원역 인근 노숙인 | F9: 사회복지 | G9: 송옥섭 | H9: 2026-08-01 | I9: 46235 | J9: 예정 | K9: 0 | L9: 0 | M9: 5 | N9: 200 | O9: 0.5 | P9: 수원역 노숙인을 위한 봉사 | Q9: 봉사
A10: M-2026-006 | B10: 라면 Day _13 | C10: 무료급식 | D10: 지역 초등생 무료 라면급식 | E10: 군포영문 인근 초등학생 | F10: 사회복지 | G10: 송옥섭 | H10: 46235 | I10: 46235 | J10: 예정 | K10: 0 | L10: 0 | M10: 4 | N10: 13 | O10: 0.43 | P10: 지역 초등생 무료 라면급식 | Q10: 봉사
A11: M-2026-007 | B11: 군포중학교 무료급식(14회) | C11: 무료급식 | D11: 방과후 결식아동 다수로 식사 제공 | E11: 군포중학교 | F11: 사회복지 | G11: 송옥섭 | H11: 46232 | I11: 46232 | J11: 예정 | K11: 176000 | L11: 0 | M11: 2 | N11: 20 | O11: 0.31 | P11: 군포중학교 결식아동 무료식사 제공 | Q11: 봉사
A12: M-2026-008 | B12: 군포중학교 무료급식(15회) | C12: 무료급식 | D12: 방과후 결식아동 다수로 식사 제공 | E12: 군포중학교 | F12: 사회복지 | G12: 송옥섭 | H12: 46233 | I12: 46233 | J12: 예정 | K12: 134000 | L12: 0 | M12: 2 | N12: 20 | O12: 0.34 | P12: 군포중학교 결식아동 무료식사 제공 | Q12: 봉사
A13: M-2026-009 | B13: 군포중학교 무료급식(16회) | C13: 무료급식 | D13: 방과후 결식아동 다수로 식사 제공 | E13: 군포중학교 | F13: 사회복지 | G13: 송옥섭 | H13: 46239 | I13: 46239 | J13: 예정 | K13: 76000 | L13: 0 | M13: 2 | N13: 20 | O13: 0.36 | P13: 군포중학교 결식아동 무료식사 제공 | Q13: 봉사
A14: M-2026-010 | B14: 군포중학교 무료급식(17회) | C14: 무료급식 | D14: 방과후 결식아동 다수로 식사 제공 | E14: 군포중학교 | F14: 사회복지 | G14: 송옥섭 | H14: 46240 | I14: 46240 | J14: 예정 | K14: 88000 | L14: 0 | M14: 2 | N14: 20 | O14: 0.38 | P14: 군포중학교 결식아동 무료식사 제공 | Q14: 봉사
A15: M-2026-011 | B15: 라면 Day_14 | C15: 무료급식 | D15: 지역 초등생 무료 라면급식 | E15: 군포영문 인근 초등학생 | F15: 사회복지 | G15: 송옥섭 | H15: 46242 | I15: 46242 | J15: 예정 | K15: 0 | L15: 0 | M15: 4 | N15: 13 | O15: 0.46 | P15: 지역 초등생 무료 라면급식 | Q15: 봉사
A16: M-2026-012 | B16: 수원역 무료급식_7 | C16: 무료급식 | D16: 수원역 노숙인을 위한 봉사 | E16: 수원역 인근 노숙인 | F16: 사회복지 | G16: 송옥섭 | H16: 46245 | I16: 46245 | J16: 예정 | K16: 0 | L16: 0 | M16: 7 | N16: 200 | O16: 0.58 | P16: 수원역 노숙인을 위한 봉사 | Q16: 봉사
A17: M-2026-013 | B17: 군포중학교 무료급식(18회) | C17: 무료급식 | D17: 방과후 결식아동 다수로 식사 제공 | E17: 군포중학교 | F17: 사회복지 | G17: 송옥섭 | H17: 46246 | I17: 46246 | J17: 예정 | K17: 132000 | L17: 0 | M17: 2 | N17: 20 | O17: 0.41 | P17: 군포중학교 결식아동 무료식사 제공 | Q17: 봉사
A18: M-2026-014 | B18: 군포중학교 무료급식(19회) | C18: 무료급식 | D18: 방과후 결식아동 다수로 식사 제공 | E18: 군포중학교 | F18: 사회복지 | G18: 송옥섭 | H18: 46247 | I18: 46247 | J18: 예정 | K18: 104000 | L18: 0 | M18: 2 | N18: 20 | O18: 0.43 | P18: 군포중학교 결식아동 무료식사 제공 | Q18: 봉사
A19: M-2026-015 | B19: 라면 Day_15 | C19: 무료급식 | D19: 지역 초등생 무료 라면급식 | E19: 군포영문 인근 초등학생 | F19: 사회복지 | G19: 송옥섭 | H19: 46249 | I19: 46249 | J19: 예정 | K19: 0 | L19: 0 | M19: 4 | N19: 13 | O19: 0.5 | P19: 지역 초등생 무료 라면급식 | Q19: 봉사
A20: M-2026-016 | B20: 군포중학교 무료급식(20회) | C20: 무료급식 | D20: 방과후 결식아동 다수로 식사 제공 | E20: 군포중학교 | F20: 사회복지 | G20: 송옥섭 | H20: 46253 | I20: 46253 | J20: 예정 | K20: 76000 | L20: 0 | M20: 2 | N20: 20 | O20: 0.45 | P20: 군포중학교 결식아동 무료식사 제공 | Q20: 봉사
A21: M-2026-017 | B21: 군포중학교 무료급식(21회) | C21: 무료급식 | D21: 방과후 결식아동 다수로 식사 제공 | E21: 군포중학교 | F21: 사회복지 | G21: 송옥섭 | H21: 46254 | I21: 46254 | J21: 예정 | K21: 104000 | L21: 0 | M21: 2 | N21: 20 | O21: 0.47 | P21: 군포중학교 결식아동 무료식사 제공 | Q21: 봉사
... A65: M-2026-061 | B65: 라면 Day_30 | C65: 무료급식 | D65: 지역 초등생 무료 라면급식 | E65: 군포영문 인근 초등학생 | F65: 사회복지 | G65: 송옥섭 | H65: 46354 | I65: 46354 | J65: 예정 | K65: 0 | L65: 0 | M65: 4 | N65: 13 | O65: 1 | P65: 지역 초등생 무료 라면급식 | Q65: 봉사

Sheet 전도현황
A1: 전도현황 자동 대시보드
A3: 기도대상자관리 및 일만상상프로젝트 시트의 자료를 자동 집계합니다.
A5: 전체 기도대상자 | C5: 이번 주 연락대상 | E5: 교회방문 이상 | G5: 군우편입 | I5: 진행중 프로젝트
A7: =COUNTIFS(기도대상자관리!$AD$5:$AD$201,"사용",기도대상자관리!$B$5:$B$201,"<>") -> 0 | C7: =COUNTIFS(기도대상자관리!$AD$5:$AD$201,"사용",기도대상자관리!$V$5:$V$201,">="&TODAY(),기도대상자관리!$V$5:$V$201,"<="&TODAY()+7) -> 0 | E7: =COUNTIFS(기도대상자관리!$AD$5:$AD$201,"사용",기도대상자관리!$L$5:$L$201,"교회방문")+COUNTIFS(기도대상자관리!$AD$5:$AD$201,"사용",기도대상자관리!$L$5:$L$201,"새가족")+COUNTIFS(기도대상자관리!$AD$5:$AD$201,"사용",기도대상자관리!$L$5:$L$201,"등록교인")+COUNTIFS(기도대상자관리!$AD$5:$AD$201,"사용",기도대상자관리!$L$5:$L$201,"군우편입") -> 0 | G7: =COUNTIFS(기도대상자관리!$AD$5:$AD$201,"사용",기도대상자관리!$L$5:$L$201,"군우편입") -> 0 | I7: =COUNTIFS(일만상상프로젝트!$J$5:$J$245,"진행중",일만상상프로젝트!$B$5:$B$245,"<>") -> 0
A10: 전도단계 | B10: 인원 | C10: 비율 | E10: 프로젝트 상태 | F10: 건수 | G10: 예산합계
A11: 기도중 | B11: =COUNTIFS(기도대상자관리!$AD$5:$AD$201,"사용",기도대상자관리!$L$5:$L$201,A11) -> 0 | C11: =IF($A$7=0,0,B11/$A$7) -> 0 | E11: 예정 | F11: =COUNTIFS(일만상상프로젝트!$J$5:$J$245,E11,일만상상프로젝트!$B$5:$B$245,"<>") -> 57 | G11: =SUMIFS(일만상상프로젝트!$K$5:$K$245,일만상상프로젝트!$J$5:$J$245,E11) -> 3682000
A12: 관계형성 | B12: =COUNTIFS(기도대상자관리!$AD$5:$AD$201,"사용",기도대상자관리!$L$5:$L$201,A12) -> 0 | C12: =IF($A$7=0,0,B12/$A$7) -> 0 | E12: 진행중 | F12: =COUNTIFS(일만상상프로젝트!$J$5:$J$245,E12,일만상상프로젝트!$B$5:$B$245,"<>") -> 0 | G12: =SUMIFS(일만상상프로젝트!$K$5:$K$245,일만상상프로젝트!$J$5:$J$245,E12) -> 0
A13: 첫만남 | B13: =COUNTIFS(기도대상자관리!$AD$5:$AD$201,"사용",기도대상자관리!$L$5:$L$201,A13) -> 0 | C13: =IF($A$7=0,0,B13/$A$7) -> 0 | E13: 완료 | F13: =COUNTIFS(일만상상프로젝트!$J$5:$J$245,E13,일만상상프로젝트!$B$5:$B$245,"<>") -> 4 | G13: =SUMIFS(일만상상프로젝트!$K$5:$K$245,일만상상프로젝트!$J$5:$J$245,E13) -> 0
A14: 초청 | B14: =COUNTIFS(기도대상자관리!$AD$5:$AD$201,"사용",기도대상자관리!$L$5:$L$201,A14) -> 0 | C14: =IF($A$7=0,0,B14/$A$7) -> 0 | E14: 보류 | F14: =COUNTIFS(일만상상프로젝트!$J$5:$J$245,E14,일만상상프로젝트!$B$5:$B$245,"<>") -> 0 | G14: =SUMIFS(일만상상프로젝트!$K$5:$K$245,일만상상프로젝트!$J$5:$J$245,E14) -> 0
A15: 교회방문 | B15: =COUNTIFS(기도대상자관리!$AD$5:$AD$201,"사용",기도대상자관리!$L$5:$L$201,A15) -> 0 | C15: =IF($A$7=0,0,B15/$A$7) -> 0
A16: 새가족 | B16: =COUNTIFS(기도대상자관리!$AD$5:$AD$201,"사용",기도대상자관리!$L$5:$L$201,A16) -> 0 | C16: =IF($A$7=0,0,B16/$A$7) -> 0
A17: 등록교인 | B17: =COUNTIFS(기도대상자관리!$AD$5:$AD$201,"사용",기도대상자관리!$L$5:$L$201,A17) -> 0 | C17: =IF($A$7=0,0,B17/$A$7) -> 0
A18: 군우편입 | B18: =COUNTIFS(기도대상자관리!$AD$5:$AD$201,"사용",기도대상자관리!$L$5:$L$201,A18) -> 0 | C18: =IF($A$7=0,0,B18/$A$7) -> 0
A20: 운영 팁: '진행상태'와 '다음연락일'을 꾸준히 갱신하면 앱의 전도현황이 정확해집니다.

Sheet 목록
A1: 성별 | B1: 관계구분 | C1: 진행상태 | D1: 기도제목구분 | E1: 공개범위 | F1: 사용여부 | G1: 프로젝트분야 | H1: 프로젝트상태 | I1: 성과구분 | J1: 소그룹
A2: 남 | B2: 가족 | C2: 기도중 | D2: 구원 | E2: 담당자 | F2: 사용 | G2: 복음전도 | H2: 예정 | I2: 접촉 | J2: 목장
A3: 여 | B3: 친구 | C3: 관계형성 | D3: 건강 | E3: 소그룹 | F3: 중지 | G3: 무료급식 | H3: 진행중 | I3: 상담 | J3: 사랑
B4: 직장 | C4: 첫만남 | D4: 가정 | E4: 교역자 | G4: 생수나눔 | H4: 완료 | I4: 기도 | J4: 미라클
B5: 이웃 | C5: 초청 | D5: 직장 | E5: 전체 | G5: 라면Day | H5: 보류 | I5: 초청 | J5: 사명
B6: 지인 | C6: 교회방문 | D6: 경제 | G6: 문화교육 | I6: 교회방문 | J6: 청년
B7: 기타 | C7: 새가족 | D7: 관계 | G7: 기타 | I7: 새가족
C8: 등록교인 | D8: 기타 | I8: 등록
C9: 군우편입 | I9: 군우편입
C10: 중단 | I10: 봉사

Sheet 환경설정
A1: GESMS 환경설정
A3: 항목 | B3: 값 | C3: 설명 | D3: 수정 방법
A4: 연간영혼구원목표 | B4: 5 | C4: 홈 화면과 전도현황의 연간 영혼구원 목표 | D4: 값 열의 숫자만 수정
A5: 연간출석목표 | B5: 60 | C5: 연간 출석 목표 인원 | D5: 값 열의 숫자만 수정
A6: 기준연도 | B6: 2026 | C6: 통계와 목표를 적용할 기준 연도 | D6: 연도 네 자리 입력
A7: 앱버전 | B7: 자동연동 | C7: 앱에 설정된 최신 버전을 자동으로 표시 | D7: 수정하지 않음
